# id,from,to,departure,arrival,total_seats
1,Athens,London,2026-09-20T08:00,2026-09-20T10:30,8
2,Athens,Paris,2026-09-20T09:00,2026-09-20T11:20,8
3,Paris,London,2026-09-20T13:00,2026-09-20T14:10,8
4,Athens,Rome,2026-09-20T07:30,2026-09-20T09:15,8
5,Rome,London,2026-09-20T11:00,2026-09-20T12:45,8
6,Athens,Berlin,2026-09-21T06:00,2026-09-21T08:45,10
7,Berlin,Amsterdam,2026-09-21T10:00,2026-09-21T11:30,10
8,Amsterdam,London,2026-09-21T13:00,2026-09-21T13:55,10
9,Athens,London,2026-09-22T17:00,2026-09-22T19:30,6
10,Thessaloniki,Athens,2026-09-20T06:00,2026-09-20T07:00,8
11,Athens,Thessaloniki,2026-09-20T20:00,2026-09-20T21:00,8
12,Thessaloniki,London,2026-09-23T09:00,2026-09-23T12:00,8
13,Thessaloniki,Berlin,2026-09-24T08:00,2026-09-24T10:15,8
14,Berlin,Amsterdam,2026-09-24T11:00,2026-09-24T12:30,10
15,Thessaloniki,Paris,2026-09-25T07:00,2026-09-25T09:40,8
16,Paris,Rome,2026-09-25T10:30,2026-09-25T12:00,8
17,Athens,Madrid,2026-09-26T08:00,2026-09-26T11:00,8
18,Madrid,Thessaloniki,2026-09-26T12:00,2026-09-26T14:30,8
